project,filename,journey_type,journey_kind,brand_name,size_kb,base64_image_count,base64_kb,css_kb,js_kb,step_count,screen_count,colors,step_labels,message_samples
Adani Wilmar,awl_automated_collections.html,automated_collections,canonical,Adani Wilmar,202,12,102,14,5,0,0,"{""brand"": ""#E30613"", ""brand-l"": ""#046287"", ""accent"": ""#1C1C1C""}",,
Adani Wilmar,awl_campaigns_queries.html,campaigns_queries,canonical,Adani Wilmar,934,13,839,25,9,3,9,"{""brand"": ""#E8201E"", ""brand-dark"": ""#C41A18"", ""accent"": ""#FFD700""}",Campaigns &amp; Queries | Scheme &amp; Product Queries | Scheme &amp; Loyalty Queries | Screen 1 · Diwali Festive Campaign | Screen 2 · Product Category Selection | Screen 3 · Price List Response | Screen 1 · Edible Oil Scheme | Screen 2 · Retailer Asks — AI Typing | Screen 3 · AI Explains Scheme | Screen 1 · Retailer Scheme Query | Screen 2 · Retailer Scheme Query | Screen 3 · Retailer Scheme Query,View Products || Price List || Diwali Scheme || Scheme thoda detail mein batao || Scheme thoda detail mein batao
Adani Wilmar,awl_dt_fulfillment_payment.html,dt_fulfillment_payment,canonical,Adani Wilmar,469,18,292,25,9,5,15,"{""brand"": ""#E8201E"", ""brand-dark"": ""#C41A18"", ""accent"": ""#FFD700""}",Distributor Confirmation | Order to Invoice | Invoice &amp; Payment | Collect Digital Orders | Collect Payments | Screen 1 · DT Receives Order | Screen 2 · DT Order Review | Screen 3 · DT Accepts Order | Screen 1 · Distributor Menu | Screen 2 · Orders to Process | Screen 3 · Upload Invoice | Screen 1 · Invoice Shared | Screen 2 · Payment Reminder | Screen 3 · Payment Received | Screen 1 · Distributor Menu | Screen 2 · Select Retailers | Screen 3 · Order Nudge to Retailer | Screen 1 · Distributor Menu | Screen 2 · Pending Invoices | Screen 3 · Payment Reminder,"Order accepted ✅ All items verified. Dispatching by 19 April 2026. || 
                    Hello  || 
                    Hello  || 
                    Hello "
Adani Wilmar,awl_field_ops_expense.html,field_ops_expense,canonical,Adani Wilmar,8207,24,7850,72,16,15,24,"{""brand"": ""#E30613"", ""brand-dark"": ""#B30510"", ""accent"": ""#1C1C1C""}",Admin Creates Group | ZoAi Capability Panel | Start Day &amp; Clock-In | Request Plan | Travel &amp; Check-In | Order Capture &amp; Review | Order Submit &amp; Notify | Competitor Insights | Realtime ASM Communication | PWA App Installation | Field Ops Command Center | DSR Files Expense Claim | Manager Approval Queue | Manager Reviews &amp; Approves | DSR Receives Notifications | Screen 1 · Create Group | Screen 2 · Add Members | Screen 3 · Group Created | Screen 1 · Clock-In Command | Screen 2 · Clock-In Confirmed | Screen 1 · Plan Command | Screen 2 · Visit List | Screen 1 · Check-In Command | Screen 2 · Check-In Confirmed | Screen 1 · Order Capture | Screen 2 · Order Created | Screen 1 · PWA Order Review | Screen 2 · Retailer DM (Template) | Screen 3 · Group · Deepak's View | Screen 1 · Notes Capture | Screen 2 · Field Activity Log | Screen 1 · Competitor Follow-Up | Screen 2 · Outstanding Reminder &amp; Ledger | Screen 1 · PWA Hamburger Menu | Screen 2 · App Added to Home Screen | Screen 3 · Works Offline | Screen 4 · Beat Plan — Today's Visits | Screen 1 · Activity History | Screen 2 · Team Performance Report,
Adani Wilmar,awl_index.html,,hub,Adani Wilmar,24,1,8,6,0,0,0,{},,
Adani Wilmar,awl_order_to_cash.html,order_to_cash,canonical,Adani Wilmar,1866,24,1760,25,8,3,9,"{""brand"": ""#E8201E"", ""brand-dark"": ""#C41A18"", ""accent"": ""#FFD700""}",Self Service Ordering | Catalog Browse &amp; Order | AI Order Capture | Screen 1 · Self Service Menu | Screen 2 · Browse Products | Screen 3 · Product Selection | Screen 1 · Browse Products Catalog | Screen 2 · Cart Review | Screen 3 · Order Received | Screen 1 · Retailer Sends Order Note | Screen 2 · Draft Order | Screen 3 · Cart &amp; Checkout,Register Now || Open Menu || View Products || Please process this order 🙏 || 📋 Received your order note! ZoTok AI is reading it now...
Adani Wilmar,awl_retailer_activation.html,retailer_activation,canonical,Adani Wilmar,166,6,91,27,8,2,5,"{""brand"": ""#E8201E"", ""brand-dark"": ""#C41A18"", ""accent"": ""#FFD700""}",Retailer Onboarding | Welcome &amp; Self Service | Screen 1 · Activation Campaign | Screen 2 · Retailer Registration | Screen 3 · Application Under Review | Screen 3 · Registration Successful | Screen 4 · Self Service Menu,Register Now || Open Menu
Adani Wilmar,awl_retailer_loyalty.html,retailer_loyalty,canonical,AWL Retail Connect,107,2,25,34,5,12,0,"{""brand"": ""#E8201E"", ""brand-dark"": ""#C41A18"", ""accent"": ""#FFD700""}",Scheme Communication | Retailer Home Menu | Invoice Upload Flow | Invoice Processing | Invoice Acknowledgment | Scheme Progress Update | Milestone Achievement | Invoice Ledger View | Earnings Dashboard | Engagement Nudges | Validation &amp; Exceptions | Brand Intelligence | Screen 1 · Scheme Communication | Screen 1 · Retailer Menu | Screen 1 · Invoice Upload | Screen 2 · Upload Guidance | Screen 1 · Processing State | Screen 1 · Invoice Acknowledgment | Screen 1 · Scheme Progress | Screen 1 · Milestone Achievement | Screen 1 · Invoice Ledger | Screen 1 · Earnings Dashboard | Screen 1 · Engagement Nudge,
Atharva,journey_field_ops.html,field_ops_expense,inferred,Atharva Food Products,7144,5,6908,35,13,11,24,"{""brand"": ""#B62127"", ""brand-dark"": ""#8a0e13"", ""accent"": ""#C8860A""}",Admin Creates Group | ZoAi Capability Panel | Start Day &amp; Clock-In | Request Plan | Travel &amp; Check-In | Order Capture &amp; Review | Order Submit &amp; Notify | Competitor Insights | Realtime ASM Communication | PWA App Installation | Field Ops Command Center | Screen 1 · Create Group | Screen 2 · Add Members | Screen 3 · Group Created | Screen 1 · Clock-In Command | Screen 2 · Clock-In Confirmed | Screen 1 · Plan Command | Screen 2 · Visit List | Screen 1 · Check-In Command | Screen 2 · Check-In Confirmed | Screen 1 · Order Capture | Screen 2 · Order Created | Screen 1 · PWA Order Review | Screen 2 · Retailer DM (Template) | Screen 3 · Group · Raju's View | Screen 1 · Notes Capture | Screen 2 · Field Activity Log | Screen 1 · Competitor Follow-Up | Screen 2 · Outstanding Reminder &amp; Ledger | Screen 1 · PWA Hamburger Menu | Screen 2 · App Added to Home Screen | Screen 3 · Works Offline | Screen 4 · Beat Plan — Today's Visits | Screen 1 · Activity History | Screen 2 · Team Performance Report,
Banas_Diary,index.html,,hub,Banas Dairy,12,0,0,5,0,0,0,{},,
Banas_Diary,journey_automated_collections.html,automated_collections,canonical,Banas Dairy,99,0,0,14,5,0,0,"{""brand"": ""#10A7E1"", ""brand-l"": ""#046287"", ""accent"": ""#FFD700""}",,
Banas_Diary,journey_campaigns_queries.html,campaigns_queries,canonical,Banas Dairy,4272,3,4155,38,9,3,9,"{""brand"": ""#10A7E1"", ""brand-dark"": ""#046287"", ""accent"": ""#FFD700""}",Campaigns &amp; Queries | Scheme &amp; Product Queries | Scheme &amp; Loyalty Queries | Screen 1 · Diwali Festive Campaign | Screen 2 · Product Category Selection | Screen 3 · Price List Response | Screen 1 · Bhujia Range Scheme | Screen 2 · Retailer Asks — AI Typing | Screen 3 · AI Explains Scheme | Screen 1 · Retailer Scheme Query | Screen 2 · Retailer Scheme Query | Screen 3 · Retailer Scheme Query,View Products || Price List || Diwali Scheme || Scheme thoda detail mein batao || Scheme thoda detail mein batao
Banas_Diary,journey_dealer_engagement.html,dealer_engagement,canonical,Banas Dairy,4272,3,4155,38,9,3,9,"{""brand"": ""#10A7E1"", ""brand-dark"": ""#046287"", ""accent"": ""#FFD700""}",Campaign &amp; Promotions | Scheme &amp; Product Queries | Loyalty &amp; Credit Queries | Screen 1 · Bulk Purchase Campaign | Screen 2 · Product Category Selection | Screen 3 · Price List Response | Screen 1 · Q2 Volume Scheme | Screen 2 · Dealer Asks — AI Typing | Screen 3 · AI Explains Scheme | Screen 1 · Dealer Loyalty Query | Screen 2 · Dealer Credit Query | Screen 3 · Dealer SE Escalation,View Products || Butter Price List || Bulk Scheme || Q2 scheme thoda detail mein batao || Q2 scheme thoda detail mein batao
Banas_Diary,journey_dt_fulfillment_payment.html,dt_fulfillment_payment,canonical,Banas Dairy,520,6,293,38,10,5,15,"{""brand"": ""#10A7E1"", ""brand-dark"": ""#046287"", ""accent"": ""#FFD700""}",Fullfilment Confirmation | Order to Invoice | Invoice &amp; Payment | Collect Digital Orders | Collect Payments | Screen 1 · DT Receives Order | Screen 2 · DT Order Review | Screen 3 · DT Accepts Order | Screen 1 · Fullfilment Menu | Screen 2 · Orders to Process | Screen 3 · Upload Invoice | Screen 1 · Invoice Shared | Screen 2 · Payment Reminder | Screen 3 · Payment Received | Screen 1 · Fullfilment Menu | Screen 2 · Select Retailers | Screen 3 · Order Nudge to Retailer | Screen 1 · Fullfilment Menu | Screen 2 · Pending Invoices | Screen 3 · Payment Reminder,"Order accepted ✅ All items verified. Dispatching by 19 April 2026. || 
                      Hello  || 
                      Hello  || 
                      Hello "
Banas_Diary,journey_field_ops_expense.html,field_ops_expense,canonical,Banas Dairy,16703,12,16346,72,16,15,24,"{""brand"": ""#10A7E1"", ""brand-dark"": ""#046287"", ""accent"": ""#FFD700""}",Admin Creates Group | ZoAi Capability Panel | Start Day &amp; Clock-In | Request Plan | Travel &amp; Check-In | Order Capture &amp; Review | Order Submit &amp; Notify | Competitor Insights | Realtime ASM Communication | PWA App Installation | Field Ops Command Center | DSR Files Expense Claim | Manager Approval Queue | Manager Reviews &amp; Approves | DSR Receives Notifications | Screen 1 · Create Group | Screen 2 · Add Members | Screen 3 · Group Created | Screen 1 · Clock-In Command | Screen 2 · Clock-In Confirmed | Screen 1 · Plan Command | Screen 2 · Visit List | Screen 1 · Check-In Command | Screen 2 · Check-In Confirmed | Screen 1 · Order Capture | Screen 2 · Order Created | Screen 1 · PWA Order Review | Screen 2 · Retailer DM (Template) | Screen 3 · Group · Deepak's View | Screen 1 · Notes Capture | Screen 2 · Field Activity Log | Screen 1 · Competitor Follow-Up | Screen 2 · Outstanding Reminder &amp; Ledger | Screen 1 · PWA Hamburger Menu | Screen 2 · App Added to Home Screen | Screen 3 · Works Offline | Screen 4 · Beat Plan — Today's Visits | Screen 1 · Activity History | Screen 2 · Team Performance Report,
Banas_Diary,journey_order_to_cash.html,order_to_cash,canonical,Banas Dairy,4897,15,4654,47,10,8,21,"{""brand"": ""#10A7E1"", ""brand-dark"": ""#046287"", ""accent"": ""#FFD700""}",Self Service Ordering | Catalog Browse &amp; Order | AI Order Capture | Back Office Order Fulfilment | Order Confirmed Notification | Order History &amp; Navigation | Invoice &amp; Cash Discount | Payment Received | Screen 1 · Self Service Menu | Screen 2 · Browse Products | Screen 3 · Product Selection | Screen 1 · Browse Products Catalog | Screen 2 · Cart Review | Screen 3 · Order Received | Screen 1 · Dealer Sends Order Note | Screen 2 · Draft Order | Screen 3 · Cart &amp; Checkout | Screen 1 · Orders to Process | Screen 2 · Order Review &amp; Accept | Screen 1 · Order Confirmed | Screen 2 · Order Details — Read Only (PWA) | Screen 1 · Order History (PWA) | Screen 2 · Navigation Drawer | Screen 1 · New Invoice | Screen 2 · Cash Discount Expiring | Screen 3 · Payment Due Soon | Screen 1 · Payment Received | Screen 2 · Division Selection | Screen 3 · Settlement Confirmation,Open Menu || View Products || Please process this order 🙏 || 📋 Received your order note! ZoTok AI is reading it now... || Please process this order 🙏
Banas_Diary,journey_post_order_communication.html,post_order_communication,canonical,Banas Dairy,148,2,26,21,5,5,0,"{""brand"": ""#10A7E1"", ""brand-dark"": ""#046287"", ""accent"": ""#1C1C1C""}",Order Submitted Notification | Order History &amp; Navigation | Order Confirmed Notification | Invoice &amp; Cash Discount | Payment Received | Screen 1 · Order Submitted | Screen 2 · Order Details (PWA) | Screen 1 · Order History (PWA) | Screen 2 · Navigation Drawer | Screen 1 · Order Confirmed | Screen 2 · Order Details — Read Only (PWA) | Screen 1 · New Invoice | Screen 2 · Cash Discount Expiring | Screen 3 · Payment Due Soon | Screen 1 · Payment Received | Screen 2 · Division Selection | Screen 3 · Settlement Confirmation,Submit details
Banas_Diary,journey_retailer_activation.html,retailer_activation,canonical,Banas Dairy,1124,1,1029,40,9,2,5,"{""brand"": ""#10A7E1"", ""brand-dark"": ""#046287"", ""accent"": ""#FFD700""}",Retailer Onboarding | Welcome &amp; Self Service | Screen 1 · Activation Campaign | Screen 2 · Retailer Registration | Screen 3 · Application Under Review | Screen 3 · Registration Successful | Screen 4 · Self Service Menu,Register Now || Open Menu
Banas_Diary,journey_retailer_loyalty_invoice_collection.html,retailer_loyalty,canonical,Banas Dairy Retail Connect,110,0,0,26,6,12,0,"{""brand"": ""#10A7E1"", ""brand-dark"": ""#046287"", ""accent"": ""#FFD700""}",Scheme Communication | Retailer Home Menu | Invoice Upload Flow | Invoice Processing | Invoice Acknowledgment | Scheme Progress Update | Milestone Achievement | Invoice Ledger View | Earnings Dashboard | Engagement Nudges | Validation &amp; Exceptions | Brand Intelligence | Screen 1 · Scheme Communication | Screen 1 · Retailer Menu | Screen 1 · Invoice Upload | Screen 2 · Upload Guidance | Screen 1 · Processing State | Screen 1 · Invoice Acknowledgment | Screen 1 · Scheme Progress | Screen 1 · Milestone Achievement | Screen 1 · Invoice Ledger | Screen 1 · Earnings Dashboard | Screen 1 · Engagement Nudge,
Banas_Diary,journey_retailer_onboarding_to_cash.html,retailer_onboarding,canonical,Banas Dairy,2348,25,1959,38,12,12,35,"{""brand"": ""#10A7E1"", ""brand-dark"": ""#046287"", ""accent"": ""#FFD700""}",Retailer Onboarding | Welcome &amp; Self Service | Campaigns &amp; Queries | Scheme &amp; Product Queries | Self Service Ordering | Catalog Browse &amp; Order | AI Order Capture | Distributor Confirmation | Order to Invoice | Invoice &amp; Payment | Collect Digital Orders | Collect Payments | Screen 1 · Activation Campaign | Screen 2 · Retailer Registration | Screen 3 · Application Under Review | Screen 3 · Registration Successful | Screen 4 · Self Service Menu | Screen 1 · Diwali Festive Campaign | Screen 2 · Product Category Selection | Screen 3 · Price List Response | Screen 1 · Bhujia Range Scheme | Screen 2 · Retailer Asks — AI Typing | Screen 3 · AI Explains Scheme | Screen 1 · Self Service Menu | Screen 2 · Browse Products | Screen 3 · Product Selection | Screen 1 · Browse Products Catalog | Screen 2 · Cart Review | Screen 3 · Order Received | Screen 1 · Retailer Sends Order Note | Screen 2 · Draft Order | Screen 3 · Cart &amp; Checkout | Screen 1 · DT Receives Order | Screen 2 · DT Order Review | Screen 3 · DT Accepts Order | Screen 1 · Distributor Menu | Screen 2 · Orders to Process | Screen 3 · Upload Invoice | Screen 1 · Invoice Shared | Screen 2 · Payment Reminder | Screen 3 · Payment Received | Screen 1 · Distributor Menu | Screen 2 · Select Retailers | Screen 3 · Order Nudge to Retailer | Screen 1 · Distributor Menu | Screen 2 · Pending Invoices | Screen 3 · Payment Reminder,Register Now || Open Menu || View Products || Price List || Diwali Scheme
BlueOcean,index.html,,hub,Blue Ocean Steels,10,0,0,4,0,0,0,{},,
BlueOcean,journey_customer_groups.html,,unknown,Blue Ocean Steels,101,0,0,21,8,7,1,"{""brand"": ""#1B3A6B"", ""brand-dark"": ""#152f58"", ""accent"": ""#E63946""}",Group Setup | Customer Enquiry | ZoAi Captures Enquiry | Internal Automation | Quote Approved | Quote Delivered | Order Confirmed | Screen 1 · Add Participants | Screen 2 · Group Created | Screen 1 · Customer Enquiry | Screen 2 · Coordinator Tags @zoai | Screen 1 · Enquiry Sheet Updated | Screen 2 · Group Acknowledgement | Internal Process — Behind the Scenes | Quote Approved — Sheet Updated | Screen 1 · Quote PDF Sent to Group | Screen 2 · WABA Utility Template (DM) | Screen 1 · Order Confirmed,
BlueOcean,journey_daily_rate_broadcast.html,campaigns_queries,inferred,Sakku Group &mdash; Daily Egg Price Broadcast,74,0,0,21,6,6,4,"{""brand"": ""#1B3A6B"", ""brand-dark"": ""#152f58"", ""accent"": ""#589981""}",Problem &amp; Solution | Update Daily Poultry Rate Sheet | Open ZoTok Add-on Menu | Broadcast Sent | Recipients Receive Rates | Dealer Order Capture | Step 2 &middot; Daily Poultry Rate Sheet in Google Sheets | Step 3 · ZoTok Add-on Menu | Step 4 · Broadcast Sent | Screen 1 &middot; Dealer Receives Rate | Screen 2 &middot; Retailer Receives Rate | Step 6 &middot; Dealer Order Capture &amp; Dispatch,
BlueOcean,journey_direct_enquiries.html,,unknown,Blue Ocean Steels,99,0,0,22,8,7,1,"{""brand"": ""#1B3A6B"", ""brand-dark"": ""#152f58"", ""accent"": ""#E63946""}",Customer DM to Sales Exec | Amit Posts in BOS Group | ZoAi Captures Enquiry | Internal Automation | Quote Approved | Multi-Channel Delivery | Customer Approves | Screen 1 · Customer WhatsApp DM | Screen 1 · BOS Internal Group | Screen 2 · Amit Triggers @zoai | Screen 1 · Enquiry Sheet Updated | Screen 2 · BOS Group Acknowledgement | Internal Process — Behind the Scenes | Quote Approved — Sheet Updated | Screen 1 · Customer Email | Screen 2 · WABA Template to Customer | Screen 1 · Customer Taps Approve,
BlueOcean,journey_field_ops_expense.html,field_ops_expense,canonical,Haldiram's,16121,24,15794,49,15,16,29,"{""brand"": ""#E8201E"", ""brand-dark"": ""#b01010"", ""accent"": ""#FFD700""}",Admin Creates Group | ZoAi Capability Panel | Start Day &amp; Clock-In | Request Plan | Travel &amp; Check-In | Order Capture &amp; Review | Order Submit &amp; Notify | Competitor Insights | Realtime ASM Communication | New Lead Registration | PWA App Installation | Field Ops Command Center | DSR Files Expense Claim | Manager Approval Queue | Manager Reviews &amp; Approves | DSR Receives Notifications | Screen 1 · Create Group | Screen 2 · Add Members | Screen 3 · Group Created | Screen 1 · Clock-In Command | Screen 2 · Clock-In Confirmed | Screen 1 · Plan Command | Screen 2 · Visit List | Screen 1 · Check-In Command | Screen 2 · Check-In Confirmed | Screen 1 · Order Capture | Screen 2 · Order Created | Screen 1 · PWA Order Review | Screen 2 · Retailer DM (Template) | Screen 3 · Group · Deepak's View | Screen 1 · Notes Capture | Screen 2 · Field Activity Log | Screen 1 · Competitor Follow-Up | Screen 2 · Outstanding Reminder &amp; Ledger | Screen 1 · Visiting Card Lead Capture | Screen 2 · ZoAi Parses the Card | Screen 3 · Lead Form (Pre-filled by ZoAi) | Screen 4 · CRM Confirmation | Screen 5 · Lead Welcome DM | Screen 1 · PWA Hamburger Menu | Screen 2 · App Added to Home Screen | Screen 3 · Works Offline | Screen 4 · Beat Plan — Today's Visits | Screen 1 · Activity History | Screen 2 · Team Performance Report,
BlueOcean,journey_sales_to_cash.html,order_to_cash,inferred,Blue Ocean Steels,761,1,614,42,8,6,1,"{""brand"": ""#1B3A6B"", ""brand-dark"": ""#152f58"", ""accent"": ""#589981""}",TallyPrime Integration | Invoice &amp; Dispatch | Cash Discount &amp; Reminder | Payment Received | Credit Note &amp; Ledger | Self-Service Menu | Step 1 · Architecture | Screen 1 · Invoice Delivered | Screen 2 · Dispatch Note | Screen 1 · Cash Discount Offer | Screen 2 · Payment Reminder | Screen 1 · Payment Received | Screen 2 · Account Snapshot | Screen 3 · Ledger WebView | Screen 1 · Credit Note | Screen 2 · ZoAi Sends Ledger | Screen 3 · Ledger Updated | Screen 1 · Navigation Drawer | Screen 2 · Orders Dashboard,
BlueOcean,journey_support_tickets.html,,unknown,Blue Ocean Steels,88,0,0,18,8,6,1,"{""brand"": ""#1B3A6B"", ""brand-dark"": ""#152f58"", ""accent"": ""#589981""}",Customer Asks Outstanding | Damage Reported | Ticket in Google Sheet | How Tickets Flow | Team Updates · Customer Notified | Ticket Resolved | Screen 1 · Outstanding Query | Screen 2 · ZoAi Outstanding Reply | Screen 1 · Damage Reported | Screen 2 · Priya Steps In · Ticket Created | Screen 1 · Support Ticket Sheet | How Tickets Flow — Sheet + WMS | Screen 1 · Internal WMS | Screen 2 · Customer Group Update | Screen 1 · Support Ticket Sheet — Resolved | Screen 2 · Group Closure,
Haldirams,index.html,,hub,Campa,7,0,0,3,0,0,0,"{""brand"": ""#662D86"", ""brand-l"": ""#892E8B"", ""brand-red"": ""#E61D29""}",,
Haldirams,journey_automated_collections.html,automated_collections,canonical,Campa,288,12,205,10,5,0,0,"{""primary-purple"": ""#662D86"", ""brand"": ""#662D86"", ""brand-l"": ""#892E8B"", ""brand-red"": ""#E61D29"", ""orange-accent"": ""#E79627"", ""accent"": ""var(--orange-accent)""}",,
Haldirams,journey_campaigns_queries.html,campaigns_queries,canonical,Haldiram's,581,13,486,25,9,3,9,"{""brand"": ""#E8201E"", ""brand-dark"": ""#C41A18"", ""accent"": ""#FFD700""}",Campaigns &amp; Queries | Scheme &amp; Product Queries | Scheme &amp; Loyalty Queries | Screen 1 · Diwali Festive Campaign | Screen 2 · Product Category Selection | Screen 3 · Price List Response | Screen 1 · Bhujia Range Scheme | Screen 2 · Retailer Asks — AI Typing | Screen 3 · AI Explains Scheme | Screen 1 · Retailer Scheme Query | Screen 2 · Retailer Scheme Query | Screen 3 · Retailer Scheme Query,View Products || Price List || Diwali Scheme || Scheme thoda detail mein batao || Scheme thoda detail mein batao
Haldirams,journey_dt_fulfillment_payment.html,dt_fulfillment_payment,canonical,Haldiram's,676,18,499,25,9,5,15,"{""brand"": ""#E8201E"", ""brand-dark"": ""#C41A18"", ""accent"": ""#FFD700""}",Distributor Confirmation | Order to Invoice | Invoice &amp; Payment | Collect Digital Orders | Collect Payments | Screen 1 · DT Receives Order | Screen 2 · DT Order Review | Screen 3 · DT Accepts Order | Screen 1 · Distributor Menu | Screen 2 · Orders to Process | Screen 3 · Upload Invoice | Screen 1 · Invoice Shared | Screen 2 · Payment Reminder | Screen 3 · Payment Received | Screen 1 · Distributor Menu | Screen 2 · Select Retailers | Screen 3 · Order Nudge to Retailer | Screen 1 · Distributor Menu | Screen 2 · Pending Invoices | Screen 3 · Payment Reminder,"Order accepted ✅ All items verified. Dispatching by 19 April 2026. || 
                    Hello  || 
                    Hello  || 
                    Hello "
Haldirams,journey_field_ops_expense.html,field_ops_expense,canonical,Haldiram's,16121,24,15794,49,15,16,29,"{""brand"": ""#E8201E"", ""brand-dark"": ""#b01010"", ""accent"": ""#FFD700""}",Admin Creates Group | ZoAi Capability Panel | Start Day &amp; Clock-In | Request Plan | Travel &amp; Check-In | Order Capture &amp; Review | Order Submit &amp; Notify | Competitor Insights | Realtime ASM Communication | New Lead Registration | PWA App Installation | Field Ops Command Center | DSR Files Expense Claim | Manager Approval Queue | Manager Reviews &amp; Approves | DSR Receives Notifications | Screen 1 · Create Group | Screen 2 · Add Members | Screen 3 · Group Created | Screen 1 · Clock-In Command | Screen 2 · Clock-In Confirmed | Screen 1 · Plan Command | Screen 2 · Visit List | Screen 1 · Check-In Command | Screen 2 · Check-In Confirmed | Screen 1 · Order Capture | Screen 2 · Order Created | Screen 1 · PWA Order Review | Screen 2 · Retailer DM (Template) | Screen 3 · Group · Deepak's View | Screen 1 · Notes Capture | Screen 2 · Field Activity Log | Screen 1 · Competitor Follow-Up | Screen 2 · Outstanding Reminder &amp; Ledger | Screen 1 · Visiting Card Lead Capture | Screen 2 · ZoAi Parses the Card | Screen 3 · Lead Form (Pre-filled by ZoAi) | Screen 4 · CRM Confirmation | Screen 5 · Lead Welcome DM | Screen 1 · PWA Hamburger Menu | Screen 2 · App Added to Home Screen | Screen 3 · Works Offline | Screen 4 · Beat Plan — Today's Visits | Screen 1 · Activity History | Screen 2 · Team Performance Report,
Haldirams,journey_field_ops_expense_bkp.html,field_ops_expense,canonical,Haldiram's,16089,24,15794,48,15,15,24,"{""brand"": ""#E8201E"", ""brand-dark"": ""#b01010"", ""accent"": ""#FFD700""}",Admin Creates Group | ZoAi Capability Panel | Start Day &amp; Clock-In | Request Plan | Travel &amp; Check-In | Order Capture &amp; Review | Order Submit &amp; Notify | Competitor Insights | Realtime ASM Communication | PWA App Installation | Field Ops Command Center | DSR Files Expense Claim | Manager Approval Queue | Manager Reviews &amp; Approves | DSR Receives Notifications | Screen 1 · Create Group | Screen 2 · Add Members | Screen 3 · Group Created | Screen 1 · Clock-In Command | Screen 2 · Clock-In Confirmed | Screen 1 · Plan Command | Screen 2 · Visit List | Screen 1 · Check-In Command | Screen 2 · Check-In Confirmed | Screen 1 · Order Capture | Screen 2 · Order Created | Screen 1 · PWA Order Review | Screen 2 · Retailer DM (Template) | Screen 3 · Group · Deepak's View | Screen 1 · Notes Capture | Screen 2 · Field Activity Log | Screen 1 · Competitor Follow-Up | Screen 2 · Outstanding Reminder &amp; Ledger | Screen 1 · PWA Hamburger Menu | Screen 2 · App Added to Home Screen | Screen 3 · Works Offline | Screen 4 · Beat Plan — Today's Visits | Screen 1 · Activity History | Screen 2 · Team Performance Report,
Haldirams,journey_order_to_cash.html,order_to_cash,canonical,Haldiram's,3798,24,3691,25,9,3,9,"{""brand"": ""#E8201E"", ""brand-dark"": ""#C41A18"", ""accent"": ""#FFD700""}",Self Service Ordering | Catalog Browse &amp; Order | AI Order Capture | Screen 1 · Self Service Menu | Screen 2 · Browse Products | Screen 3 · Product Selection | Screen 1 · Browse Products Catalog | Screen 2 · Cart Review | Screen 3 · Order Received | Screen 1 · Retailer Sends Order Note | Screen 2 · Draft Order | Screen 3 · Cart &amp; Checkout,Register Now || Open Menu || View Products || Please process this order 🙏 || 📋 Received your order note! ZoTok AI is reading it now...
Haldirams,journey_retailer_activation.html,retailer_activation,canonical,Haldiram's,818,6,742,27,8,2,5,"{""brand"": ""#E8201E"", ""brand-dark"": ""#C41A18"", ""accent"": ""#FFD700""}",Retailer Onboarding | Welcome &amp; Self Service | Screen 1 · Activation Campaign | Screen 2 · Retailer Registration | Screen 3 · Application Under Review | Screen 3 · Registration Successful | Screen 4 · Self Service Menu,Register Now || Open Menu
Haldirams,journey_retailer_loyalty_invoice_collection.html,retailer_loyalty,canonical,Haldiram Retail Connect,115,2,34,34,5,12,0,"{""brand"": ""#E8201E"", ""brand-dark"": ""#C41A18"", ""accent"": ""#FFD700""}",Scheme Communication | Retailer Home Menu | Invoice Upload Flow | Invoice Processing | Invoice Acknowledgment | Scheme Progress Update | Milestone Achievement | Invoice Ledger View | Earnings Dashboard | Engagement Nudges | Validation &amp; Exceptions | Brand Intelligence | Screen 1 · Scheme Communication | Screen 1 · Retailer Menu | Screen 1 · Invoice Upload | Screen 2 · Upload Guidance | Screen 1 · Processing State | Screen 1 · Invoice Acknowledgment | Screen 1 · Scheme Progress | Screen 1 · Milestone Achievement | Screen 1 · Invoice Ledger | Screen 1 · Earnings Dashboard | Screen 1 · Engagement Nudge,
Haldirams,journey_retailer_onboarding_to_cash.html,retailer_onboarding,canonical,Haldiram's,2789,55,2473,25,11,12,35,"{""brand"": ""#E8201E"", ""brand-dark"": ""#C41A18"", ""accent"": ""#FFD700""}",Retailer Onboarding | Welcome &amp; Self Service | Campaigns &amp; Queries | Scheme &amp; Product Queries | Self Service Ordering | Catalog Browse &amp; Order | AI Order Capture | Distributor Confirmation | Order to Invoice | Invoice &amp; Payment | Collect Digital Orders | Collect Payments | Screen 1 · Activation Campaign | Screen 2 · Retailer Registration | Screen 3 · Application Under Review | Screen 3 · Registration Successful | Screen 4 · Self Service Menu | Screen 1 · Diwali Festive Campaign | Screen 2 · Product Category Selection | Screen 3 · Price List Response | Screen 1 · Bhujia Range Scheme | Screen 2 · Retailer Asks — AI Typing | Screen 3 · AI Explains Scheme | Screen 1 · Self Service Menu | Screen 2 · Browse Products | Screen 3 · Product Selection | Screen 1 · Browse Products Catalog | Screen 2 · Cart Review | Screen 3 · Order Received | Screen 1 · Retailer Sends Order Note | Screen 2 · Draft Order | Screen 3 · Cart &amp; Checkout | Screen 1 · DT Receives Order | Screen 2 · DT Order Review | Screen 3 · DT Accepts Order | Screen 1 · Distributor Menu | Screen 2 · Orders to Process | Screen 3 · Upload Invoice | Screen 1 · Invoice Shared | Screen 2 · Payment Reminder | Screen 3 · Payment Received | Screen 1 · Distributor Menu | Screen 2 · Select Retailers | Screen 3 · Order Nudge to Retailer | Screen 1 · Distributor Menu | Screen 2 · Pending Invoices | Screen 3 · Payment Reminder,Register Now || Open Menu || View Products || Price List || Diwali Scheme
Hindalco,journey_dsr_expense_claim.html,field_ops_expense,inferred,Hindalco,76,0,0,13,1,0,6,"{""brand"": ""#1B2A4A"", ""brand-light"": ""#2E4A7A""}",Field Menu | Claim CTA | Claim Form (WebView) | DSR's View | Claim Approved | Payment Credited,"Welcome back, Rajesh! 👋 How can I help you today? || Submit New Claim || Submit New Claim"
Mukund,journey_field_ops.html,field_ops_expense,inferred,Mukund Magnum Overseas,235,0,0,35,13,11,24,"{""brand"": ""#b38b4d"", ""brand-dark"": ""#8a6535"", ""accent"": ""#C8860A""}",Admin Creates Group | ZoAi Capability Panel | Start Day &amp; Clock-In | Request Plan | Travel &amp; Check-In | Order Capture &amp; Review | Order Submit &amp; Notify | Competitor Insights | Realtime ASM Communication | PWA App Installation | Field Ops Command Center | Screen 1 · Create Group | Screen 2 · Add Members | Screen 3 · Group Created | Screen 1 · Clock-In Command | Screen 2 · Clock-In Confirmed | Screen 1 · Plan Command | Screen 2 · Visit List | Screen 1 · Check-In Command | Screen 2 · Check-In Confirmed | Screen 1 · Order Capture | Screen 2 · Order Created | Screen 1 · PWA Order Review | Screen 2 · Retailer DM (Template) | Screen 3 · Group · Deepak's View | Screen 1 · Notes Capture | Screen 2 · Field Activity Log | Screen 1 · Competitor Follow-Up | Screen 2 · Outstanding Reminder &amp; Ledger | Screen 1 · PWA Hamburger Menu | Screen 2 · App Added to Home Screen | Screen 3 · Works Offline | Screen 4 · Beat Plan — Today's Visits | Screen 1 · Activity History | Screen 2 · Team Performance Report,
Orient,index.html,,hub,Orient Electric,26,1,13,5,0,0,0,{},,
Orient,journey_automated_collections.html,automated_collections,canonical,Orient Electric,260,12,160,14,5,0,0,"{""brand"": ""#E30613"", ""brand-l"": ""#046287"", ""accent"": ""#1C1C1C""}",,
Orient,journey_campaigns_queries.html,campaigns_queries,canonical,Orient Electric,4406,13,4288,38,9,3,9,"{""brand"": ""#E30613"", ""brand-dark"": ""#B30510"", ""accent"": ""#1C1C1C""}",Campaigns &amp; Queries | Scheme &amp; Product Queries | Scheme &amp; Loyalty Queries | Screen 1 · Diwali Festive Campaign | Screen 2 · Product Category Selection | Screen 3 · Price List Response | Screen 1 · Bhujia Range Scheme | Screen 2 · Retailer Asks — AI Typing | Screen 3 · AI Explains Scheme | Screen 1 · Retailer Scheme Query | Screen 2 · Retailer Scheme Query | Screen 3 · Retailer Scheme Query,View Products || Price List || Diwali Scheme || Scheme thoda detail mein batao || Scheme thoda detail mein batao
Orient,journey_dealer_engagement.html,dealer_engagement,canonical,Orient Electric,479,13,361,38,9,3,9,"{""brand"": ""#E30613"", ""brand-dark"": ""#B30510"", ""accent"": ""#1C1C1C""}",Campaign &amp; Promotions | Scheme &amp; Product Queries | Loyalty &amp; Credit Queries | Screen 1 · Bulk Purchase Campaign | Screen 2 · Product Category Selection | Screen 3 · Price List Response | Screen 1 · Diwali LED Offer | Screen 2 · Dealer Asks — AI Typing | Screen 3 · AI Explains Scheme | Screen 1 · Dealer Loyalty Query | Screen 2 · Dealer Credit Query | Screen 3 · Dealer SE Escalation,View Products || Butter Price List || Bulk Scheme || Diwali LED scheme ke baare mein batao || Diwali LED scheme ke baare mein batao
Orient,journey_dt_fulfillment_payment.html,dt_fulfillment_payment,canonical,Orient Electric,562,18,335,38,10,5,15,"{""brand"": ""#E30613"", ""brand-dark"": ""#B30510"", ""accent"": ""#1C1C1C""}",Fullfilment Confirmation | Order to Invoice | Invoice &amp; Payment | Collect Digital Orders | Collect Payments | Screen 1 · DT Receives Order | Screen 2 · DT Order Review | Screen 3 · DT Accepts Order | Screen 1 · Fullfilment Menu | Screen 2 · Orders to Process | Screen 3 · Upload Invoice | Screen 1 · Invoice Shared | Screen 2 · Payment Reminder | Screen 3 · Payment Received | Screen 1 · Fullfilment Menu | Screen 2 · Select Retailers | Screen 3 · Order Nudge to Retailer | Screen 1 · Fullfilment Menu | Screen 2 · Pending Invoices | Screen 3 · Payment Reminder,"Order accepted ✅ All items verified. Dispatching by 19 April 2026. || 
                      Hello  || 
                      Hello  || 
                      Hello "
Orient,journey_field_ops_expense.html,field_ops_expense,canonical,Orient Electric,16864,24,16506,72,16,15,24,"{""brand"": ""#E30613"", ""brand-dark"": ""#B30510"", ""accent"": ""#1C1C1C""}",Admin Creates Group | ZoAi Capability Panel | Start Day &amp; Clock-In | Request Plan | Travel &amp; Check-In | Order Capture &amp; Review | Order Submit &amp; Notify | Competitor Insights | Realtime ASM Communication | PWA App Installation | Field Ops Command Center | DSR Files Expense Claim | Manager Approval Queue | Manager Reviews &amp; Approves | DSR Receives Notifications | Screen 1 · Create Group | Screen 2 · Add Members | Screen 3 · Group Created | Screen 1 · Clock-In Command | Screen 2 · Clock-In Confirmed | Screen 1 · Plan Command | Screen 2 · Visit List | Screen 1 · Check-In Command | Screen 2 · Check-In Confirmed | Screen 1 · Order Capture | Screen 2 · Order Created | Screen 1 · PWA Order Review | Screen 2 · Retailer DM (Template) | Screen 3 · Group · Deepak's View | Screen 1 · Notes Capture | Screen 2 · Field Activity Log | Screen 1 · Competitor Follow-Up | Screen 2 · Outstanding Reminder &amp; Ledger | Screen 1 · PWA Hamburger Menu | Screen 2 · App Added to Home Screen | Screen 3 · Works Offline | Screen 4 · Beat Plan — Today's Visits | Screen 1 · Activity History | Screen 2 · Team Performance Report,
Orient,journey_order_to_cash.html,order_to_cash,canonical,Orient Electric,11232,40,10961,47,12,11,26,"{""brand"": ""#E30613"", ""brand-dark"": ""#B30510"", ""accent"": ""#1C1C1C""}",Self Service Ordering | Catalog Browse &amp; Order | AI Order Capture | Back Office Order Fulfilment | Order Confirmed Notification | SAP Integration Architecture | Invoice &amp; Dispatch | Cash Discount &amp; Payment Reminder | Payment Received | Credit Note &amp; Ledger | Self Service Navigation Menu | Screen 1 · Self Service Menu | Screen 2 · Browse Products | Screen 3 · Product Selection | Screen 1 · Browse Products Catalog | Screen 2 · Cart Review | Screen 3 · Order Received | Screen 1 · Dealer Sends Order Note | Screen 2 · Draft Order | Screen 3 · Cart &amp; Checkout | Screen 1 · Orders to Process | Screen 2 · Order Review &amp; Accept | Screen 1 · Order Confirmed | Screen 2 · Order Details — Read Only (PWA) | ZoTok × SAP Integration Architecture | Screen 1 · New Invoice | Screen 2 · Dispatch Notification | Screen 1 · Cash Discount Expiring | Screen 2 · Payment Due Soon | Screen 1 · Payment Received | Screen 2 · Division Selection | Screen 3 · Settlement Confirmation | Screen 1 · Credit Note Issued | Screen 2 · Ledger Statement | Screen 3 · Ledger Page | Screen 1 · Navigation Menu | Screen 2 · Order History,Open Menu || View Products || Please process this order 🙏 || 📋 Received your order note! ZoTok AI is reading it now... || Please process this order 🙏
Orient,journey_post_order_communication.html,post_order_communication,canonical,Orient Electric,255,10,133,21,5,5,0,"{""brand"": ""#E30613"", ""brand-dark"": ""#B30510"", ""accent"": ""#1C1C1C""}",Order Submitted Notification | Order History &amp; Navigation | Order Confirmed Notification | Invoice &amp; Cash Discount | Payment Received | Screen 1 · Order Submitted | Screen 2 · Order Details (PWA) | Screen 1 · Order History (PWA) | Screen 2 · Navigation Drawer | Screen 1 · Order Confirmed | Screen 2 · Order Details — Read Only (PWA) | Screen 1 · New Invoice | Screen 2 · Cash Discount Expiring | Screen 3 · Payment Due Soon | Screen 1 · Payment Received | Screen 2 · Division Selection | Screen 3 · Settlement Confirmation,Submit details
Orient,journey_retailer_activation.html,retailer_activation,canonical,Orient Electric,179,6,84,40,9,2,5,"{""brand"": ""#E30613"", ""brand-dark"": ""#B30510"", ""accent"": ""#1C1C1C""}",Retailer Onboarding | Welcome &amp; Self Service | Screen 1 · Activation Campaign | Screen 2 · Retailer Registration | Screen 3 · Application Under Review | Screen 3 · Registration Successful | Screen 4 · Self Service Menu,Register Now || Open Menu
Orient,journey_retailer_loyalty_invoice_collection.html,retailer_loyalty,canonical,Orient Electric Retail Connect,136,2,26,39,6,12,0,"{""brand"": ""#E30613"", ""brand-dark"": ""#B30510"", ""accent"": ""#1C1C1C""}",Scheme Communication | Retailer Home Menu | Invoice Upload Flow | Invoice Processing | Invoice Acknowledgment | Scheme Progress Update | Milestone Achievement | Invoice Ledger View | Earnings Dashboard | Engagement Nudges | Validation &amp; Exceptions | Brand Intelligence | Screen 1 · Scheme Communication | Screen 1 · Retailer Menu | Screen 1 · Invoice Upload | Screen 2 · Upload Guidance | Screen 1 · Processing State | Screen 1 · Invoice Acknowledgment | Screen 1 · Scheme Progress | Screen 1 · Milestone Achievement | Screen 1 · Invoice Ledger | Screen 1 · Earnings Dashboard | Screen 1 · Engagement Nudge,
Orient,journey_retailer_onboarding_to_cash.html,retailer_onboarding,canonical,Orient Electric,2054,55,1668,38,12,12,35,"{""brand"": ""#E30613"", ""brand-dark"": ""#B30510"", ""accent"": ""#1C1C1C""}",Retailer Onboarding | Welcome &amp; Self Service | Campaigns &amp; Queries | Scheme &amp; Product Queries | Self Service Ordering | Catalog Browse &amp; Order | AI Order Capture | Distributor Confirmation | Order to Invoice | Invoice &amp; Payment | Collect Digital Orders | Collect Payments | Screen 1 · Activation Campaign | Screen 2 · Retailer Registration | Screen 3 · Application Under Review | Screen 3 · Registration Successful | Screen 4 · Self Service Menu | Screen 1 · Diwali Festive Campaign | Screen 2 · Product Category Selection | Screen 3 · Price List Response | Screen 1 · Diwali LED Offer | Screen 2 · Retailer Asks — AI Typing | Screen 3 · AI Explains Scheme | Screen 1 · Self Service Menu | Screen 2 · Browse Products | Screen 3 · Product Selection | Screen 1 · Browse Products Catalog | Screen 2 · Cart Review | Screen 3 · Order Received | Screen 1 · Retailer Sends Order Note | Screen 2 · Draft Order | Screen 3 · Cart &amp; Checkout | Screen 1 · DT Receives Order | Screen 2 · DT Order Review | Screen 3 · DT Accepts Order | Screen 1 · Distributor Menu | Screen 2 · Orders to Process | Screen 3 · Upload Invoice | Screen 1 · Invoice Shared | Screen 2 · Payment Reminder | Screen 3 · Payment Received | Screen 1 · Distributor Menu | Screen 2 · Select Retailers | Screen 3 · Order Nudge to Retailer | Screen 1 · Distributor Menu | Screen 2 · Pending Invoices | Screen 3 · Payment Reminder,Register Now || Open Menu || View Products || Price List || Diwali Scheme
OrientElectric,journey_erp_externalization.html,,unknown,Orient Electric,174,4,53,48,5,5,0,"{""brand"": ""#E30613"", ""brand-dark"": ""#B30510"", ""accent"": ""#1C1C1C""}",Order Submitted Notification | Order History &amp; Navigation | Order Confirmed Notification | Invoice &amp; Cash Discount | Payment Received | Screen 1 · Order Submitted | Screen 2 · Order Details (PWA) | Screen 1 · Order History (PWA) | Screen 2 · Navigation Drawer | Screen 1 · Order Confirmed | Screen 2 · Order Details — Read Only (PWA) | Screen 1 · New Invoice | Screen 2 · Cash Discount Expiring | Screen 3 · Payment Due Soon | Screen 1 · Payment Received | Screen 2 · Division Selection | Screen 3 · Settlement Confirmation,Submit details
Recykal,journey_ms_scrap_marketplace.html,,unknown,Recykal,172,0,0,32,10,11,26,"{""brand"": ""#049769"", ""brand-dark"": ""#037a54"", ""accent"": ""#fc5000""}",Screen 1 &middot; Nudge to List | Screen 2 &middot; Seller Responds Loosely | Screen 3 &middot; Draft Listing &middot; Review &amp; Publish | Screen 1 &middot; Published + Menu Available | Screen 2 &middot; Menu Open (Bottom Sheet) | Screen 3 &middot; Recent Orders WebView | Screen 1 &middot; Renewal Nudge Template | Screen 2 &middot; Listing Extended | Flow Diagram &middot; Buyer-side on Recykal App | Screen 1 &middot; Award Template | Screen 2 &middot; OTP Modal | Screen 3 &middot; Acceptance Recorded | Screen 1 &middot; Contract Confirmed DM | Screen 2 &middot; Buyer-side Mirror | Screen 1 &middot; Group Auto-Created | Screen 2 &middot; ZoAi Execution Checklist | Screen 1 &middot; Weighbridge + Vehicle | Screen 2 &middot; Rahul tags @zoai &middot; ZoAi creates dispatch note | Screen 3 &middot; Dispatch Confirmation DM | Screen 1 &middot; GRN Posted in Group | Screen 2 &middot; Quality Report + Debit Note Draft | Screen 3 &middot; Quality &amp; Debit Captured in Control Tower | Screen 1 &middot; Auto-Generated Invoice (Seller → Buyer) | Screen 2 &middot; Invoice Delivered on WhatsApp | Screen 1 &middot; Live Control Tower | Screen 2 &middot; Deal Closed · Group Archived · Rating Prompt | '+s.title+',"Haan haan list karna hai 🙏 || Yeh photo dekh lijiye. 8-10 ton scrap hai HMS, aaj sham tak load karna hai. || Ji Suresh ji 👋 photo mil gayi. Rate kya rakhna chahte hain? Bazaar abhi ₹34,400&ndash;34,600 per MT chal raha hai. || Samajh gaya 👍 ek minute, draft listing taiyaar kar raha hoon&hellip; || Suresh ji draft taiyaar hai 👇 review kar ke confirm kar dijiye."
Recykal,journey_ms_scrap_procurement.html,,unknown,Recykal,179,0,0,30,9,12,29,"{""brand"": ""#049769"", ""brand-dark"": ""#037a54"", ""accent"": ""#fc5000""}",Screen 1 &middot; Create Purchase Order | Screen 2 &middot; Purchase Orders List | Screen 1 &middot; PO Detail — Publish | Screen 2 &middot; Broadcast Sent — Confirmation | Screen 1 &middot; Broadcast Received | Screen 2 &middot; Submit Availability | Screen 3 &middot; Interest Confirmed | Screen 1 &middot; Incoming Leads | Screen 2 &middot; Assign to Procurement | Screen 1 &middot; New Group | Screen 2 &middot; Group Created | Screen 1 &middot; Opening Offers | Screen 2 &middot; Counter &amp; Nudge | Screen 3 &middot; Deal Closed | Screen 1 &middot; Negotiation Tracker | Screen 2 &middot; Raise the PO | Screen 1 &middot; PO Received | Screen 2 &middot; Review PO | Screen 3 &middot; Verify Order | Screen 1 &middot; Enter OTP | Screen 2 &middot; PO Accepted | Screen 1 &middot; Dispatch Reminder | Screen 2 &middot; Create Dispatch | Screen 3 &middot; Dispatch Confirmed | Screen 1 &middot; Invoice Auto-Created &mdash; Draft | Screen 2 &middot; Invoice Approved &mdash; Webhook Fired | Screen 3 &middot; API Handoff | Screen 1 &middot; Invoice Delivered | Screen 2 &middot; View Invoice | '+s.title+',"Submitted availability for HMS 1&amp;2 &#10003; || Material photos &mdash; HMS 1&amp;2, Nagpur yard || 
                Thank you,  || 
                Welcome to deal room  || Thank you. Material is ready at our Nagpur yard. &#128077;"
Recykal,journey_ms_scrap_procurement_bkp.html,,unknown,Recykal,102,0,0,24,7,8,18,"{""brand"": ""#049769"", ""brand-dark"": ""#037a54"", ""accent"": ""#fc5000""}",Screen 1 &middot; Compose Broadcast | Screen 2 &middot; Select Suppliers | Screen 1 &middot; Broadcast Received | Screen 2 &middot; Submit Availability | Screen 3 &middot; Interest Confirmed | Screen 1 &middot; Incoming Leads | Screen 2 &middot; Assign to Procurement | Screen 1 &middot; New Group | Screen 2 &middot; Group Created | Screen 1 &middot; Negotiation | Screen 2 &middot; Deal Finalised | Screen 1 &middot; Negotiation Tracker | Screen 2 &middot; Raise the PO | Screen 1 &middot; PO Received | Screen 2 &middot; Review PO | Screen 3 &middot; Verify Order | Screen 1 &middot; Enter OTP | Screen 2 &middot; PO Accepted | '+s.title+',"Submitted availability for HMS 1&amp;2 &#10003; || Material photos &mdash; HMS 1&amp;2, Nagpur yard || 
                Thank you,  || 
                Welcome to the Recykal MS Scrap sourcing room. &#9851; || Thank you. Material is ready at our Nagpur yard. Looking forward to it. &#128077;"
SakkuGroup,DT Fulfilment.html,dt_fulfillment_payment,inferred,Sakku Brand Fulfilment,5357,21,5163,26,9,6,18,"{""brand"": ""#163A63"", ""brand-dark"": ""#0F2744"", ""accent"": ""#D6B06A""}",Daily Egg Price Broadcast | Distributor Menu | Place Order | Invoice &amp; Payment | Collections &amp; Follow-up | Dispatch &amp; Order Status | Screen 1 · Daily Price Broadcast | Screen 2 · Rate &amp; Stock View | Screen 3 · Open Distributor Menu | Screen 1 · Distributor Menu | Screen 2 · Rate | Screen 3 · Menu Shortcuts | Screen 1 · Place Order | Screen 2 · Quantity Selection | Screen 3 · Order Confirmation | Screen 1 · Invoice Shared | Screen 2 · Pay via UPI | Screen 3 · Payment Received | Screen 1 · Distributor Menu | Screen 2 · Pending Invoice | Screen 3 · Friendly Reminder | Screen 1 - Status Request | Screen 2 - Dispatch Lookup | Screen 3 - Status Reply,"Opening Distributor Menu to place today's egg order. || 
                    Hello  || 
                    Hello  || 
                    Hello  || Hi Sakku Group, please share dispatch and order status for "
SakkuGroup,journey_daily_rate_broadcast.html,campaigns_queries,inferred,Sakku Group &mdash; Daily Egg Price Broadcast,2042,8,1966,21,6,6,4,"{""brand"": ""#1B3A6B"", ""brand-dark"": ""#152f58"", ""accent"": ""#589981""}",Problem &amp; Solution | Update Daily Poultry Rate Sheet | Open ZoTok Add-on Menu | Broadcast Sent | Recipients Receive Rates | Dealer Order Capture | Step 2 &middot; Daily Poultry Rate Sheet in Google Sheets | Step 3 · ZoTok Add-on Menu | Step 4 · Broadcast Sent | Screen 1 &middot; Dealer Receives Rate | Screen 2 &middot; Retailer Receives Rate | Step 6 &middot; Dealer Order Capture &amp; Dispatch,
Savera,journey_field_ops.html,field_ops_expense,inferred,Savera Pipes,235,0,0,35,13,11,24,"{""brand"": ""#1B2A4A"", ""brand-dark"": ""#0f1d33"", ""accent"": ""#C8860A""}",Admin Creates Group | ZoAi Capability Panel | Start Day &amp; Clock-In | Request Plan | Travel &amp; Check-In | Order Capture &amp; Review | Order Submit &amp; Notify | Competitor Insights | Realtime ASM Communication | PWA App Installation | Field Ops Command Center | Screen 1 · Create Group | Screen 2 · Add Members | Screen 3 · Group Created | Screen 1 · Clock-In Command | Screen 2 · Clock-In Confirmed | Screen 1 · Plan Command | Screen 2 · Visit List | Screen 1 · Check-In Command | Screen 2 · Check-In Confirmed | Screen 1 · Order Capture | Screen 2 · Order Created | Screen 1 · PWA Order Review | Screen 2 · Retailer DM (Template) | Screen 3 · Group · Deepak's View | Screen 1 · Notes Capture | Screen 2 · Field Activity Log | Screen 1 · Competitor Follow-Up | Screen 2 · Outstanding Reminder &amp; Ledger | Screen 1 · PWA Hamburger Menu | Screen 2 · App Added to Home Screen | Screen 3 · Works Offline | Screen 4 · Beat Plan — Today's Visits | Screen 1 · Activity History | Screen 2 · Team Performance Report,
Sintex,journey_plumber_registration_engagement.html,dealer_engagement,inferred,Sintex,73,0,0,14,2,3,10,"{""brand"": ""#005BAC"", ""brand-dark"": ""#004080"", ""accent"": ""#F58220""}",Registration | Main Menu | Upload Purchase &amp; Reward | Screen 1 | Screen 2 | Screen 3 | Screen 4 | Screen 1 | Screen 2 | Screen 1 | Screen 2 | Screen 3 | Screen 4,Upload Purchase
V[N] Fogg,vini_automated_collections.html,automated_collections,canonical,Vini Cosmetics,223,12,124,14,5,0,0,"{""brand"": ""#E30613"", ""brand-l"": ""#046287"", ""accent"": ""#1C1C1C""}",,
V[N] Fogg,vini_campaigns_queries.html,campaigns_queries,canonical,Vini Cosmetics,1333,13,1239,25,9,3,9,"{""brand"": ""#E8201E"", ""brand-dark"": ""#C41A18"", ""accent"": ""#FFD700""}",Campaigns &amp; Queries | Scheme &amp; Product Queries | Scheme &amp; Loyalty Queries | Screen 1 · Diwali Festive Campaign | Screen 2 · Product Category Selection | Screen 3 · Price List Response | Screen 1 · Fogg Deodorant Scheme | Screen 2 · Retailer Asks — AI Typing | Screen 3 · AI Explains Scheme | Screen 1 · Retailer Scheme Query | Screen 2 · Retailer Scheme Query | Screen 3 · Retailer Scheme Query,View Products || Price List || Diwali Scheme || Scheme thoda detail mein batao || Scheme thoda detail mein batao
V[N] Fogg,vini_dt_fulfillment_payment.html,dt_fulfillment_payment,canonical,Vini Cosmetics,467,18,290,25,9,5,15,"{""brand"": ""#E8201E"", ""brand-dark"": ""#C41A18"", ""accent"": ""#FFD700""}",Distributor Confirmation | Order to Invoice | Invoice &amp; Payment | Collect Digital Orders | Collect Payments | Screen 1 · DT Receives Order | Screen 2 · DT Order Review | Screen 3 · DT Accepts Order | Screen 1 · Distributor Menu | Screen 2 · Orders to Process | Screen 3 · Upload Invoice | Screen 1 · Invoice Shared | Screen 2 · Payment Reminder | Screen 3 · Payment Received | Screen 1 · Distributor Menu | Screen 2 · Select Retailers | Screen 3 · Order Nudge to Retailer | Screen 1 · Distributor Menu | Screen 2 · Pending Invoices | Screen 3 · Payment Reminder,"Order accepted ✅ All items verified. Dispatching by 19 April 2026. || 
                    Hello  || 
                    Hello  || 
                    Hello "
V[N] Fogg,vini_field_ops_expense.html,field_ops_expense,canonical,Vini Cosmetics,8363,26,8005,72,16,15,24,"{""brand"": ""#E30613"", ""brand-dark"": ""#B30510"", ""accent"": ""#1C1C1C""}",Admin Creates Group | ZoAi Capability Panel | Start Day &amp; Clock-In | Request Plan | Travel &amp; Check-In | Order Capture &amp; Review | Order Submit &amp; Notify | Competitor Insights | Realtime ASM Communication | PWA App Installation | Field Ops Command Center | DSR Files Expense Claim | Manager Approval Queue | Manager Reviews &amp; Approves | DSR Receives Notifications | Screen 1 · Create Group | Screen 2 · Add Members | Screen 3 · Group Created | Screen 1 · Clock-In Command | Screen 2 · Clock-In Confirmed | Screen 1 · Plan Command | Screen 2 · Visit List | Screen 1 · Check-In Command | Screen 2 · Check-In Confirmed | Screen 1 · Order Capture | Screen 2 · Order Created | Screen 1 · PWA Order Review | Screen 2 · Retailer DM (Template) | Screen 3 · Group · Deepak's View | Screen 1 · Notes Capture | Screen 2 · Field Activity Log | Screen 1 · Competitor Follow-Up | Screen 2 · Outstanding Reminder &amp; Ledger | Screen 1 · PWA Hamburger Menu | Screen 2 · App Added to Home Screen | Screen 3 · Works Offline | Screen 4 · Beat Plan — Today's Visits | Screen 1 · Activity History | Screen 2 · Team Performance Report,
V[N] Fogg,vini_index.html,,hub,Vini Cosmetics,28,1,10,7,1,0,0,{},,
V[N] Fogg,vini_order_to_cash.html,order_to_cash,canonical,Vini Cosmetics,1481,24,1376,25,8,3,9,"{""brand"": ""#E8201E"", ""brand-dark"": ""#C41A18"", ""accent"": ""#FFD700""}",Self Service Ordering | Catalog Browse &amp; Order | AI Order Capture | Screen 1 · Self Service Menu | Screen 2 · Browse Products | Screen 3 · Product Selection | Screen 1 · Browse Products Catalog | Screen 2 · Cart Review | Screen 3 · Order Received | Screen 1 · Retailer Sends Order Note | Screen 2 · Draft Order | Screen 3 · Cart &amp; Checkout,Register Now || Open Menu || View Products || Please process this order 🙏 || 📋 Received your order note! ZoTok AI is reading it now...
V[N] Fogg,vini_retailer_activation.html,retailer_activation,canonical,Vini Cosmetics,165,6,90,27,8,2,5,"{""brand"": ""#E8201E"", ""brand-dark"": ""#C41A18"", ""accent"": ""#FFD700""}",Retailer Onboarding | Welcome &amp; Self Service | Screen 1 · Activation Campaign | Screen 2 · Retailer Registration | Screen 3 · Application Under Review | Screen 3 · Registration Successful | Screen 4 · Self Service Menu,Register Now || Open Menu
V[N] Fogg,vini_retailer_loyalty.html,retailer_loyalty,canonical,Vini Retail Connect,108,2,27,34,5,12,0,"{""brand"": ""#E8201E"", ""brand-dark"": ""#C41A18"", ""accent"": ""#FFD700""}",Scheme Communication | Retailer Home Menu | Invoice Upload Flow | Invoice Processing | Invoice Acknowledgment | Scheme Progress Update | Milestone Achievement | Invoice Ledger View | Earnings Dashboard | Engagement Nudges | Validation &amp; Exceptions | Brand Intelligence | Screen 1 · Scheme Communication | Screen 1 · Retailer Menu | Screen 1 · Invoice Upload | Screen 2 · Upload Guidance | Screen 1 · Processing State | Screen 1 · Invoice Acknowledgment | Screen 1 · Scheme Progress | Screen 1 · Milestone Achievement | Screen 1 · Invoice Ledger | Screen 1 · Earnings Dashboard | Screen 1 · Engagement Nudge,
freyr,journey_domestic_customer_lifecycle.html,,unknown,Freyr Solar Connect,97,0,0,6,0,0,0,"{""brand"": ""#F15A24"", ""brand-l"": ""#F47040"", ""accent"": ""#FDB813""}",,
insightzz,journey_defect_alert_management.html,,unknown,Insightzz,113,0,0,30,8,0,12,"{""brand"": ""#0B1F3A"", ""accent"": ""#2BB673""}",,Welcome to Insightzz Plant Alerts 👋 || How critical is this? Can we continue operating or should the line be stopped? || Belt Section A has been showing micro-wear for 2 days. This 7mm crack is on the centre fold — it's a high-load area. Risky to continue.
jkcement,jk_cement_automated_collections.html,automated_collections,canonical,JK Cement,679,12,580,14,5,0,0,"{""brand"": ""#E30613"", ""brand-l"": ""#046287"", ""accent"": ""#1C1C1C""}",,
jkcement,jk_cement_dealer_engagement.html,dealer_engagement,canonical,JK Cement,693,13,575,38,9,3,9,"{""brand"": ""#E30613"", ""brand-dark"": ""#B30510"", ""accent"": ""#1C1C1C""}",Campaign &amp; Promotions | Scheme &amp; Product Queries | Loyalty &amp; Credit Queries | Screen 1 · Bulk Purchase Campaign | Screen 2 · Product Category Selection | Screen 3 · Price List Response | Screen 1 · Monsoon Protection Scheme | Screen 2 · Dealer Asks — AI Typing | Screen 3 · AI Explains Scheme | Screen 1 · Dealer Loyalty Query | Screen 2 · Dealer Credit Query | Screen 3 · Dealer SE Escalation,View Catalog || Cement Price List || Monsoon Scheme || Monsoon Protection scheme ke baare mein batao || Monsoon Protection scheme ke baare mein batao
jkcement,jk_cement_field_ops_expense.html,field_ops_expense,canonical,JK Cement,8685,24,8327,72,16,15,24,"{""brand"": ""#E30613"", ""brand-dark"": ""#B30510"", ""accent"": ""#1C1C1C""}",Admin Creates Group | ZoAi Capability Panel | Start Day &amp; Clock-In | Request Plan | Travel &amp; Check-In | Order Capture &amp; Review | Order Submit &amp; Notify | Competitor Insights | Realtime ASM Communication | PWA App Installation | Field Ops Command Center | DSR Files Expense Claim | Manager Approval Queue | Manager Reviews &amp; Approves | DSR Receives Notifications | Screen 1 · Create Group | Screen 2 · Add Members | Screen 3 · Group Created | Screen 1 · Clock-In Command | Screen 2 · Clock-In Confirmed | Screen 1 · Plan Command | Screen 2 · Visit List | Screen 1 · Check-In Command | Screen 2 · Check-In Confirmed | Screen 1 · Order Capture | Screen 2 · Order Created | Screen 1 · PWA Order Review | Screen 2 · Retailer DM (Template) | Screen 3 · Group · Deepak's View | Screen 1 · Notes Capture | Screen 2 · Field Activity Log | Screen 1 · Competitor Follow-Up | Screen 2 · Outstanding Reminder &amp; Ledger | Screen 1 · PWA Hamburger Menu | Screen 2 · App Added to Home Screen | Screen 3 · Works Offline | Screen 4 · Beat Plan — Today's Visits | Screen 1 · Activity History | Screen 2 · Team Performance Report,
jkcement,jk_cement_index.html,,hub,JK Cement,542,7,522,10,1,0,0,{},,
jkcement,jk_cement_order_to_cash.html,order_to_cash,canonical,JK Cement,12198,40,11927,47,12,11,26,"{""brand"": ""#E30613"", ""brand-dark"": ""#B30510"", ""accent"": ""#1C1C1C""}",Self Service Ordering | Catalog Browse &amp; Order | AI Order Capture | Back Office Order Fulfilment | Order Confirmed Notification | SAP Integration Architecture | Invoice &amp; Dispatch | Cash Discount &amp; Payment Reminder | Payment Received | Credit Note &amp; Ledger | Self Service Navigation Menu | Screen 1 · Self Service Menu | Screen 2 · Browse Products | Screen 3 · Product Selection | Screen 1 · Browse Products Catalog | Screen 2 · Cart Review | Screen 3 · Order Received | Screen 1 · Dealer Sends Order Note | Screen 2 · Draft Order | Screen 3 · Cart &amp; Checkout | Screen 1 · Orders to Process | Screen 2 · Order Review &amp; Accept | Screen 1 · Order Confirmed | Screen 2 · Order Details — Read Only (PWA) | ZoTok × SAP Integration Architecture | Screen 1 · New Invoice | Screen 2 · Dispatch Notification | Screen 1 · Cash Discount Expiring | Screen 2 · Payment Due Soon | Screen 1 · Payment Received | Screen 2 · Division Selection | Screen 3 · Settlement Confirmation | Screen 1 · Credit Note Issued | Screen 2 · Ledger Statement | Screen 3 · Ledger Page | Screen 1 · Navigation Menu | Screen 2 · Order History,Open Menu || View Products || Please process this order 🙏 || 📋 Received your order note! ZoTok AI is reading it now... || Please process this order 🙏
jkcement,jk_cement_retailer_loyalty.html,retailer_loyalty,canonical,JK Cement Retail Connect,171,2,61,39,6,12,0,"{""brand"": ""#E30613"", ""brand-dark"": ""#B30510"", ""accent"": ""#1C1C1C""}",Scheme Communication | Retailer Home Menu | Invoice Upload Flow | Invoice Processing | Invoice Acknowledgment | Scheme Progress Update | Milestone Achievement | Invoice Ledger View | Earnings Dashboard | Engagement Nudges | Validation &amp; Exceptions | Brand Intelligence | Screen 1 · Scheme Communication | Screen 1 · Retailer Menu | Screen 1 · Invoice Upload | Screen 2 · Upload Guidance | Screen 1 · Processing State | Screen 1 · Invoice Acknowledgment | Screen 1 · Scheme Progress | Screen 1 · Milestone Achievement | Screen 1 · Invoice Ledger | Screen 1 · Earnings Dashboard | Screen 1 · Engagement Nudge,
jkcement,jk_cement_retailer_onboarding.html,retailer_onboarding,canonical,JK Cement,3180,55,2774,38,12,13,38,"{""brand"": ""#E30613"", ""brand-dark"": ""#B30510"", ""accent"": ""#1C1C1C""}",Retailer Onboarding | Welcome &amp; Self Service | Campaigns &amp; Queries | Scheme &amp; Product Queries | Self Service Ordering | Catalog Browse &amp; Order | AI Order Capture | Order → Distributor → DMS | 🏭 Distributor Confirmation | 🏭 Order to Invoice | Invoice &amp; Payment | 🏭 Collect Digital Orders | 🏭 Collect Payments | Screen 1 · Activation Campaign | Screen 2 · Retailer Registration | Screen 3 · Application Under Review | Screen 3 · Registration Successful | Screen 4 · Self Service Menu | Screen 1 · Monsoon Scheme Campaign | Screen 2 · Product Category Selection | Screen 3 · Price List Response | Screen 1 · Monsoon Protection Scheme | Screen 2 · Retailer Asks — AI Typing | Screen 3 · AI Explains Scheme | Screen 1 · Self Service Menu | Screen 2 · Browse Products | Screen 3 · Product Selection | Screen 1 · Browse Products Catalog | Screen 2 · Cart Review | Screen 3 · Order Received | Screen 1 · Retailer Sends Order Note | Screen 2 · Draft Order | Screen 3 · Cart &amp; Checkout | Screen 1 · Order Alert on Distributor WhatsApp | Screen 2 · Distributor Reviews &amp; Confirms | Screen 3 · Auto-Sync to DMS + Retailer Notified | Screen 1 · DT Receives Order | Screen 2 · DT Order Review | Screen 3 · DT Accepts Order | Screen 1 · Distributor Menu | Screen 2 · Orders to Process | Screen 3 · Upload Invoice | Screen 1 · Invoice Shared | Screen 2 · Payment Reminder | Screen 3 · Payment Received | Screen 1 · Distributor Menu | Screen 2 · Select Retailers | Screen 3 · Order Nudge to Retailer | Screen 1 · Distributor Menu | Screen 2 · Pending Invoices | Screen 3 · Payment Reminder,Register Now || Open Menu || View Products || Price List || Monsoon Scheme
lucky_seeds,journey_retailer_ordering.html,order_to_cash,inferred,Lucky Seeds,69,0,0,13,2,7,11,"{""brand"": ""#2E7D32"", ""brand-light"": ""#4CAF50"", ""brand-dark"": ""#1B5E20""}",Campaign Message | Product Catalog | Order Note → Structured | Distributor Confirmation | Invoice Shared | Payment Reminder &amp; UPI | ZoPs Loyalty Points | Buyer — Kishor Agro Stores | Catalog Browse | Cart Review | Retailer Sends Order Note | ZoTok Structured Order | Distributor Receives Order | Distributor Confirms | Buyer — Kishor Agro Stores | Payment Reminder | Payment Received | Buyer — Kishor Agro Stores,Please process this order 🙏 || 📋 Received your order note! ZoTok AI is processing it now... || ✅ Order extracted successfully! Confirming details below. || Order LSMS-2847 received. Checking stock levels now. || Order confirmed ✅ All items in stock. Dispatching 31 March 2026.
pmcona,journey_phase1_retailer_activation.html,retailer_activation,canonical,PM Cona,76,0,0,16,1,0,0,"{""brand"": ""#E30613"", ""accent"": ""#FFD200""}",,Scheme jaaniye || Products dekhein || Yahan hain PM Cona MCB range ke top products 👇 || Sawaal poochein || Zaroor! 😊 Aap koi bhi product ya technical sawaal pooch sakte hain. Hum Hinglish mein jawab dete hain.
sundar_masala,journey_campaigns_queries.html,campaigns_queries,canonical,Sunder Masala,872,13,777,25,9,3,9,"{""brand"": ""#E8201E"", ""brand-dark"": ""#C41A18"", ""accent"": ""#FFD700""}",Campaigns &amp; Queries | Scheme &amp; Product Queries | Scheme &amp; Loyalty Queries | Screen 1 · Diwali Festive Campaign | Screen 2 · Product Category Selection | Screen 3 · Price List Response | Screen 1 · Pure Spices Scheme | Screen 2 · Retailer Asks — AI Typing | Screen 3 · AI Explains Scheme | Screen 1 · Retailer Scheme Query | Screen 2 · Retailer Scheme Query | Screen 3 · Retailer Scheme Query,View Products || Price List || Diwali Scheme || Scheme thoda detail mein batao || Scheme thoda detail mein batao
sundar_masala,journey_dt_fulfillment_payment.html,dt_fulfillment_payment,canonical,Sunder Masala,466,18,289,25,9,5,15,"{""brand"": ""#E8201E"", ""brand-dark"": ""#C41A18"", ""accent"": ""#FFD700""}",Distributor Confirmation | Order to Invoice | Invoice &amp; Payment | Collect Digital Orders | Collect Payments | Screen 1 · DT Receives Order | Screen 2 · DT Order Review | Screen 3 · DT Accepts Order | Screen 1 · Distributor Menu | Screen 2 · Orders to Process | Screen 3 · Upload Invoice | Screen 1 · Invoice Shared | Screen 2 · Payment Reminder | Screen 3 · Payment Received | Screen 1 · Distributor Menu | Screen 2 · Select Retailers | Screen 3 · Order Nudge to Retailer | Screen 1 · Distributor Menu | Screen 2 · Pending Invoices | Screen 3 · Payment Reminder,"Order accepted ✅ All items verified. Dispatching by 19 April 2026. || 
                    Hello  || 
                    Hello  || 
                    Hello "
sundar_masala,journey_order_to_cash.html,order_to_cash,canonical,Sunder Masala,1811,24,1706,25,8,3,9,"{""brand"": ""#E8201E"", ""brand-dark"": ""#C41A18"", ""accent"": ""#FFD700""}",Self Service Ordering | Catalog Browse &amp; Order | AI Order Capture | Screen 1 · Self Service Menu | Screen 2 · Browse Products | Screen 3 · Product Selection | Screen 1 · Browse Products Catalog | Screen 2 · Cart Review | Screen 3 · Order Received | Screen 1 · Retailer Sends Order Note | Screen 2 · Draft Order | Screen 3 · Cart &amp; Checkout,Register Now || Open Menu || View Products || Please process this order 🙏 || 📋 Received your order note! ZoTok AI is reading it now...
sundar_masala,journey_retailer_activation.html,retailer_activation,canonical,Sunder Masala,200,6,124,27,8,2,5,"{""brand"": ""#E8201E"", ""brand-dark"": ""#C41A18"", ""accent"": ""#FFD700""}",Retailer Onboarding | Welcome &amp; Self Service | Screen 1 · Activation Campaign | Screen 2 · Retailer Registration | Screen 3 · Application Under Review | Screen 3 · Registration Successful | Screen 4 · Self Service Menu,Register Now || Open Menu
sundar_masala,journey_retailer_loyalty_invoice_collection.html,retailer_loyalty,canonical,Sunder Retail Connect,103,2,21,34,5,12,0,"{""brand"": ""#E8201E"", ""brand-dark"": ""#C41A18"", ""accent"": ""#FFD700""}",Scheme Communication | Retailer Home Menu | Invoice Upload Flow | Invoice Processing | Invoice Acknowledgment | Scheme Progress Update | Milestone Achievement | Invoice Ledger View | Earnings Dashboard | Engagement Nudges | Validation &amp; Exceptions | Brand Intelligence | Screen 1 · Scheme Communication | Screen 1 · Retailer Menu | Screen 1 · Invoice Upload | Screen 2 · Upload Guidance | Screen 1 · Processing State | Screen 1 · Invoice Acknowledgment | Screen 1 · Scheme Progress | Screen 1 · Milestone Achievement | Screen 1 · Invoice Ledger | Screen 1 · Earnings Dashboard | Screen 1 · Engagement Nudge,
sundar_masala,sunder_index.html,,hub,Sunder Masala,17,1,4,6,0,0,0,{},,
zydus,journey_collections_finance_ptp_incentives.html,automated_collections,inferred,Zydus Wellness,73,0,0,8,1,0,0,"{""brand"": ""#0072CE"", ""brand-l"": ""#1a85d8"", ""accent"": ""#00A859""}",,
